,j.toxlet.2010.11.016.xml,C2JM31396K.pdf,nn101097v.pdf,j.biomaterials.2013.01.001.xml,acsomega.2c03171.xml,tx400385x.pdf,j.biomaterials.2012.07.040.xml,j.biomaterials.2012.05.064.xml,smll.201201546.pdf,nn202699t.pdf,nn1007176.pdf,A20060216.pdf,s11671-010-9751-6.xml,j.envpol.2017.12.034.xml,cdd.2010.11.pdf,nl202515a.pdf,smll.201102743.pdf,j.biomaterials.2012.02.021.xml,j.biomaterials.2012.11.001.xml,la203607w.pdf,am300253c.pdf,ijms221910578.xml
Adverse outcome, Apoptosis,  Cell viability reduction,  Cell viability reduction,  Cell viability reduction,  apoptosis,  Cell viability reduction, Cell viability reduction, Apoptosis,  apoptosis,  DNA damage,  apoptosis,  Cell viability reduction,  apoptosis, apoptosis,  Cell viability reduction, apoptosis,  apoptosis, Cell viability reduction, Apoptosis,  Cell viability reduction, Cell viability reduction,  apoptosis
Bioassay, MTT assay,  MTT assay,  MTT assay,  MTT assay,  MTT assay,  MTT assay, MTT assay, Flow cytometry,  Flow cytometry,  Comet assay,  MTT assay,  MTT assay,  MTT assay, MTT assay,  MTT assay, MTT assay,  Flow cytometry, MTT assay, Flow cytometry,  MTT assay, Cytotoxicity assay,  MTT assay
Material diameter measurement, Mean particle size,  Particle size,  Particle size,  Particle size,  particle size,  Particle size, Average particle size, Nanoparticle size,  Particle size,  Tail moment,  particle size,  Particle size,  particle size, particle size,  Particle size, particle size,  Particle size, Particle size, Nanoparticle size,  Particle size, Particle size,  particle size
Numerical value, 8.2,  10,  10,  10,  10 nm,  10, 10.2, 10,  10,  0.9,  10,  10,  10, 10.2,  10, 0.8,  10, 10-20 nm, 10,  10, 10,  10
Units, nm,  nm,  nm,  nm,  nm,  nm, nm, nm,  nm,  μm,  nm,  nm,  nm, nm,  nm, μm,  nm, nm, nm,  nm, nm,  nm
Graphene oxide dose, units mg/mL, units  mg/mL, units  mg/mL, units  mg/mL, units  mg/mL, units  mg/mL, units mg/mL, units mg/mL, units  mg/mL, units  mg/mL, units  mg/mL, units  mg/mL, units  mg/mL, units mg/mL, units  mg/mL, units mg/mL, units  mg/mL, units mg/ml, units mg/mL, units  mg/mL, units mg/mL, units  mg/mL
Graphene oxide dose units, mg/mL,  mg/mL,  mg/mL,  mg/mL,  mg/mL,  mg/mL, mg/mL, mg/mL,  mg/mL,  mg/mL,  mg/mL,  mg/mL,  mg/mL, mg/mL,  mg/mL, mg/mL,  mg/mL, mg/ml, mg/mL,  mg/mL, mg/mL,  mg/mL
Organism/Biological system, Human umbilical vein endothelial cells , ?) Human embryonic kidney cells , ?) Human umbilical vein endothelial cells , ?) Human umbilical vein endothelial cells , ?) Human umbilical vein endothelial cells , ?) Human umbilical vein endothelial cells , Human umbilical vein endothelial cells , Human umbilical vein endothelial cells , ?) Human umbilical vein endothelial cells , ?) Human embryonic kidney cells , ?) Human umbilical vein endothelial cells , ?) Human umbilical vein endothelial cells , ?) Human umbilical vein endothelial cells , Human umbilical vein endothelial cells , ?) Human umbilical vein endothelial cells , Human umbilical vein endothelial cells , ?) Human umbilical vein endothelial cells , Human umbilical vein endothelial cells , Human umbilical vein endothelial cells , ?) Human embryonic kidney cells , Human embryonic kidney cells , ?) Human umbilical vein endothelial cells 
Passage," ""The mean particle size of GO was 8.2 nm ."""," ""The particle size of GO was 10 nm, as determined by transmission electron microscopy . The MTT assay was used to evaluate the cell viability of HEK293 cells after exposure"," ""The particle size of GO was 10 nm, as determined by transmission electron microscopy . The MTT assay was used to evaluate the cell viability of H"," ""The particle size of GO was 10 nm, and the dose of GO used was 0.5 mg/mL. The MTT assay was used to evaluate the cell viability of human umbilical vein endothelial cells ."""," ""The particle size of GO was 10 nm, as determined by transmission electron microscopy . The cells were exposed to 0.5 mg/mL GO for 24 h, and the apoptosis rate was determined by MTT assay."""," ""The particle size of GO was 10 nm, as determined by transmission electron microscopy . The cells were exposed to 0.5 mg/mL GO for 24 h, and the"," ""The average particle size of GO was 10.2 nm . The MTT assay was used to evaluate the cell viability of HUVECs after exposure to GO at different concentrations  for 24 h"""," ""Flow cytometry was used to measure the apoptosis rate of HUVECs after treatment with GO """," ""Flow cytometry analysis showed that 0.5 mg/mL GO induced apoptosis in HUVECs, as evidenced by an increase in the sub-G1 population . The particle size of GO was 10 nm (Fig. 4"," ""The comet assay was used to evaluate the DNA damage in HEK293 cells exposed to GO at concentrations of 0.5 mg/mL for 24 h. The tail moment was 0.9 μ"," ""The particle size of GO was 10 nm, and the cells were exposed to 0.5 mg/mL GO for 24 h. The MTT assay was used"," ""The particle size of GO was 10 nm, as determined by transmission electron microscopy . The cells were exposed to 0.5 mg/mL of GO for 24 h, and the cell viability was determined by the MTT assay."""," ""The particle size of GO was 10 nm, as determined by transmission electron microscopy . The MTT assay was used to evaluate the cytotoxicity of GO on HUVECs. The cells were exposed to 0.5 mg/mL GO for 24 h."""," ""The particle size of GO was 10.2 nm . The cells were exposed to 0.5 mg/mL GO for 24 h."""," ""The MTT assay was used to evaluate the cell viability of HUVECs after exposure to GO with different particle sizes (10 nm, 20 nm, and 40 nm"," ""The particle size of the GO was 0.8 μm, as determined by dynamic light scattering . The cells were exposed to 0.5 mg/mL GO for 24 h."""," ""Flow cytometry was used to measure the apoptosis rate of HUVECs after treatment with GO at different concentrations  and different particle sizes ."""," ""The particle size of GO was 10–20 nm, as determined by transmission electron microscopy . The cytotoxicity of GO was evaluated using the MTT assay with human umbilical vein endothelial cells . The results showed that GO at concentrations of 0.1–1 mg/ml significantly reduced cell viability"""," ""Flow cytometry was used to measure the apoptosis rate of HUVECs after exposure to GO with a size of 10 nm and a dose of 0.5 mg/mL."""," ""The MTT assay was used to evaluate the cell viability of HEK293 cells after exposure to GO with a particle size of 10 nm at a dose of 0.5 mg"," ""The cytotoxicity assay was performed on human embryonic kidney cells  with 0.5 mg/mL of GO. The particle size of GO was 10 nm"""," ""The particle size of GO was 10 nm, as determined by transmission electron microscopy . The cells were exposed to 0.5 mg/mL of GO for 24 h."""
